date,iso_week,close,volume,close_point_relative_normalization,volume_point_relative_normalization
2016-01-01,2016-00,434.33,36278900.0,1.0,1.0
2016-01-02,2016-00,433.44,30096600.0,0.0,0.0
2016-01-03,2016-01,430.01,39633800.0,0.031098825155493344,0.1330542903759121
2016-01-04,2016-01,433.09,38477500.0,0.13752591568762826,0.11213873041483824
2016-01-05,2016-01,431.96,34522600.0,0.0984796129923969,0.040601112071803516
2016-01-06,2016-01,429.11,34042500.0,0.0,0.03191689488135851
2016-01-07,2016-01,458.05,87562200.0,1.0,1.0
2016-01-08,2016-01,453.23,56993000.0,0.8334485141672427,0.4470535885479034
2016-01-09,2016-01,447.61,32278000.0,0.6392536281962682,0.0
2016-01-10,2016-02,447.99,35995900.0,0.994768133174792,0.0
2016-01-11,2016-02,448.43,40450000.0,1.0,0.03230134286155625
2016-01-12,2016-02,435.69,115607000.0,0.848513674197384,0.5773434446208303
2016-01-13,2016-02,432.37,173888000.0,0.8090368608799049,1.0
2016-01-14,2016-02,430.31,43945500.0,0.7845422116527943,0.057650873400289064
2016-01-15,2016-02,364.33,153351000.0,0.0,0.851064709290815
2016-01-16,2016-02,387.54,120352000.0,0.27598097502972685,0.6117544079755113
2016-01-17,2016-03,382.3,45319600.0,0.053642714570859076,0.0
2016-01-18,2016-03,387.17,54403900.0,0.1751497005988032,0.11890382772865063
2016-01-19,2016-03,380.15,46819800.0,0.0,0.019636022848047916
2016-01-20,2016-03,420.23,121720000.0,1.0,1.0
2016-01-21,2016-03,410.26,68338000.0,0.7512475049900196,0.30128638069957747
2016-01-22,2016-03,382.49,91546600.0,0.05838323353293487,0.6050622771608526
2016-01-23,2016-03,387.49,56247400.0,0.18313373253493076,0.14303328254825892
2016-01-24,2016-04,402.97,54824800.0,1.0,0.43946999421570926
2016-01-25,2016-04,391.73,59062400.0,0.5453074433656959,0.5153570232571466
2016-01-26,2016-04,392.15,58147000.0,0.5622977346278302,0.49896402099536363
2016-01-27,2016-04,394.97,47424400.0,0.6763754045307447,0.30694347691387497
2016-01-28,2016-04,380.29,59247900.0,0.08252427184466093,0.518678961119896
2016-01-29,2016-04,379.47,86125300.0,0.04935275080906254,1.0
2016-01-30,2016-04,378.25,30284400.0,0.0,0.0
2016-01-31,2016-05,368.77,37894300.0,0.0,0.0
2016-02-01,2016-05,373.06,51656700.0,0.20605187319884832,0.4384158617701776
2016-02-02,2016-05,374.45,40378700.0,0.27281460134486113,0.07914319936797574
2016-02-03,2016-05,369.95,45933400.0,0.05667627281460169,0.256094064578608
2016-02-04,2016-05,389.59,69285500.0,1.0,1.0
2016-02-05,2016-05,386.55,43825000.0,0.8539865513928931,0.1889287443614771
2016-02-06,2016-05,376.52,49249300.0,0.37223823246878013,0.36172557914319936
2016-02-07,2016-06,376.62,37076300.0,0.17218902770233632,0.0
2016-02-08,2016-06,373.45,47671100.0,0.0,0.22047421058545905
2016-02-09,2016-06,376.03,55318500.0,0.14014122759369801,0.37961402238287284
2016-02-10,2016-06,381.65,85130900.0,0.4454101032047788,1.0
2016-02-11,2016-06,379.65,74375600.0,0.3367734926670277,0.7761858386085827
2016-02-12,2016-06,384.26,67042800.0,0.5871808799565447,0.6235927465840939
2016-02-13,2016-06,391.86,61911700.0,1.0,0.5168162881389087
2016-02-14,2016-07,407.23,74469800.0,0.19042466865025737,0.4900237194624982
2016-02-15,2016-07,400.19,74070500.0,0.0,0.4795929029696349
2016-02-16,2016-07,407.49,73093100.0,0.19745739789018138,0.4540605212012288
2016-02-17,2016-07,416.32,83193600.0,0.4362997024614548,0.7179134187373305
2016-02-18,2016-07,422.37,76752600.0,0.5999459020827695,0.549656746985434
2016-02-19,2016-07,420.79,55711300.0,0.5572085474709225,0.0
2016-02-20,2016-07,437.16,93992100.0,1.0,1.0
2016-02-21,2016-08,438.8,89820700.0,1.0,1.0
2016-02-22,2016-08,437.75,85385200.0,0.9418604651162784,0.9074531945392064
2016-02-23,2016-08,420.74,85244900.0,0.0,0.9045258319405931
2016-02-24,2016-08,424.95,67743700.0,0.233111849390918,0.5393629074156375
2016-02-25,2016-08,424.54,70798000.0,0.21040974529346682,0.6030909443717646
2016-02-26,2016-08,432.15,61486000.0,0.6317829457364322,0.40879585871041646
2016-02-27,2016-08,432.52,41893600.0,0.6522702104097438,0.0
2016-02-28,2016-09,433.5,53033400.0,0.8868839213573932,0.0
2016-02-29,2016-09,437.7,60694700.0,1.0,0.09303158651440895
2016-03-01,2016-09,435.12,74895800.0,0.9305144088338275,0.2654763234715537
2016-03-02,2016-09,423.99,74955300.0,0.6307568004309189,0.2661988352381739
2016-03-03,2016-09,421.65,100484000.0,0.5677349851871798,0.5761952408939232
2016-03-04,2016-09,410.94,90856100.0,0.27928898464853236,0.45928312261085397
2016-03-05,2016-09,400.57,135385000.0,0.0,1.0
2016-03-06,2016-10,407.71,91212500.0,0.0,0.9339048307093205
2016-03-07,2016-10,414.32,85762400.0,0.4728183118741062,0.6938186655859316
2016-03-08,2016-10,413.97,70311700.0,0.44778254649499566,0.013189078702765566
2016-03-09,2016-10,414.86,70012300.0,0.5114449213161677,0.0
2016-03-10,2016-10,417.13,81022900.0,0.6738197424892707,0.4850356378245509
2016-03-11,2016-10,421.69,73969700.0,1.0,0.17433019391557933
2016-03-12,2016-10,411.62,92712900.0,0.2796852646638069,1.0
2016-03-13,2016-11,414.06,74322800.0,0.40740740740740683,0.34180622138143046
2016-03-14,2016-11,416.44,95259400.0,0.6224028906955728,0.7918911365737258
2016-03-15,2016-11,416.83,66781700.0,0.6576332429990946,0.1796912956553518
2016-03-16,2016-11,417.01,65185800.0,0.6738934056007212,0.145383408216351
2016-03-17,2016-11,420.62,83528600.0,1.0,0.5397080637186406
2016-03-18,2016-11,409.55,104940000.0,0.0,1.0
2016-03-19,2016-11,410.44,58423000.0,0.0803974706413719,0.0
2016-03-20,2016-12,413.75,45947900.0,0.09205020920502097,0.05475538375189375
2016-03-21,2016-12,413.31,61655400.0,0.0,0.7176225824284804
2016-03-22,2016-12,418.09,66813300.0,1.0,0.9352894755721357
2016-03-23,2016-12,418.04,61444200.0,0.9895397489539843,0.708709798576149
2016-03-24,2016-12,416.39,68346700.0,0.6443514644351468,1.0
2016-03-25,2016-12,417.18,52560000.0,0.8096234309623487,0.33379050737878907
2016-03-26,2016-12,417.94,44650400.0,0.9686192468619292,0.0
2016-03-27,2016-13,426.76,71229400.0,1.0,0.8593320619031762
2016-03-28,2016-13,424.23,68522800.0,0.7881072026800693,0.7682936263677124
2016-03-29,2016-13,416.52,75411500.0,0.14237855946398567,1.0
2016-03-30,2016-13,414.82,66034100.0,0.0,0.6845844138807883
2016-03-31,2016-13,416.73,60215200.0,0.15996649916248118,0.4888615318378893
2016-04-01,2016-13,417.96,51235700.0,0.2629815745393624,0.18682959808680033
2016-04-02,2016-13,420.87,45681200.0,0.5067001675041887,0.0
2016-04-03,2016-14,420.9,38053700.0,0.3225108225108158,0.0
2016-04-04,2016-14,421.44,50634300.0,0.43939393939393845,0.49527971339711035
2016-04-05,2016-14,424.03,60718000.0,1.0,0.8922601472382977
2016-04-06,2016-14,423.41,59091000.0,0.8658008658008756,0.8282075508838235
2016-04-07,2016-14,422.75,57858600.0,0.7229437229437257,0.7796897759930711
2016-04-08,2016-14,420.35,63454700.0,0.20346320346320526,1.0
2016-04-09,2016-14,419.41,49792700.0,0.0,0.4621471595606472
2016-04-10,2016-15,421.56,73478600.0,0.0,1.0
2016-04-11,2016-15,422.48,50747500.0,0.10210876803551797,0.33312112375241304
2016-04-12,2016-15,425.19,70728800.0,0.40288568257491664,0.9193271098228588
2016-04-13,2016-15,423.73,69060400.0,0.24084350721420844,0.8703800409554712
2016-04-14,2016-15,424.28,45281000.0,0.30188679245282724,0.1727464222638166
2016-04-15,2016-15,429.71,54801500.0,0.9045504994450594,0.45205628150138766
2016-04-16,2016-15,430.57,39392800.0,1.0,0.0
2016-04-17,2016-16,427.4,52125900.0,0.0,0.07322124375689029
2016-04-18,2016-16,428.59,55670900.0,0.05201048951048942,0.23144697317973462
2016-04-19,2016-16,435.51,52810500.0,0.35445804195804265,0.10377733243471236
2016-04-20,2016-16,441.39,72890100.0,0.6114510489510495,1.0
2016-04-21,2016-16,449.43,68204700.0,0.9628496503496519,0.7908742362093668
2016-04-22,2016-16,445.74,58804400.0,0.8015734265734281,0.37130602061174667
2016-04-23,2016-16,450.28,50485400.0,1.0,0.0
2016-04-24,2016-17,458.56,68198400.0,0.6481308411214962,0.42747548886842535
2016-04-25,2016-17,461.43,87091800.0,0.7822429906542069,0.8539014679594822
2016-04-26,2016-17,466.09,78971900.0,1.0,0.6706344907282018
2016-04-27,2016-17,444.69,93564900.0,0.0,1.0
2016-04-28,2016-17,449.01,74064700.0,0.20186915887850457,0.5598784825668527
2016-04-29,2016-17,455.1,49258500.0,0.4864485981308428,0.0
2016-04-30,2016-17,448.32,69322600.0,0.16962616822429905,0.4528487983677302
2016-05-01,2016-18,451.88,40660100.0,0.48292029470863873,0.04269890723087654
2016-05-02,2016-18,444.67,92127000.0,0.0,1.0
2016-05-03,2016-18,450.3,59366400.0,0.3770931011386465,0.39064217623808417
2016-05-04,2016-18,446.72,50407300.0,0.13730743469524517,0.224
2016-05-05,2016-18,447.98,50440800.0,0.22170127260549236,0.22462311090444081
2016-05-06,2016-18,459.6,72796800.0,1.0,0.6404519879097884
2016-05-07,2016-18,458.54,38364500.0,0.929002009377093,0.0
2016-05-08,2016-19,458.55,40315000.0,0.7987486965589154,0.13140971399559992
2016-05-09,2016-19,460.48,55493100.0,1.0,0.7735699779996615
2016-05-10,2016-19,450.89,58956100.0,0.0,0.9200837705195465
2016-05-11,2016-19,452.73,50605200.0,0.19186652763295367,0.566771027246573
2016-05-12,2016-19,454.77,59849300.0,0.40458811261730787,0.9578735826705026
2016-05-13,2016-19,455.67,60845000.0,0.49843587069864587,1.0
2016-05-14,2016-19,455.67,37209000.0,0.49843587069864587,0.0
2016-05-15,2016-20,457.57,28514000.0,1.0,0.0
2016-05-16,2016-20,454.16,59171500.0,0.8191940615058343,0.454095038910794
2016-05-17,2016-20,453.78,64100300.0,0.7990455991516427,0.5270998053719707
2016-05-18,2016-20,454.62,86850100.0,0.8435843054082722,0.8640669852207118
2016-05-19,2016-20,438.71,96027400.0,0.0,1.0
2016-05-20,2016-20,442.68,81987900.0,0.2104984093319207,0.7920486895934733
2016-05-21,2016-20,443.19,42762300.0,0.23753976670201563,0.21104402977779227
2016-05-22,2016-21,439.32,39657600.0,0.0,0.0
2016-05-23,2016-21,444.15,50582500.0,0.05324074074074058,0.07718519104657719
2016-05-24,2016-21,445.98,65783100.0,0.07341269841269871,0.184578504946256
2016-05-25,2016-21,449.6,65231000.0,0.11331569664903035,0.18067787940489496
2016-05-26,2016-21,453.38,65203800.0,0.15498236331569673,0.1804857094814662
2016-05-27,2016-21,473.46,164781000.0,0.3763227513227513,0.8840056690127411
2016-05-28,2016-21,530.04,181199000.0,1.0,1.0
2016-05-29,2016-22,526.23,148737000.0,0.0,1.0
2016-05-30,2016-22,533.86,87958700.0,0.16408602150537624,0.31214208431984136
2016-05-31,2016-22,531.39,138450000.0,0.11096774193548319,0.8835769612081649
2016-06-01,2016-22,536.92,86061800.0,0.2298924731182783,0.29067393400544145
2016-06-02,2016-22,537.97,60378200.0,0.2524731182795701,0.0
2016-06-03,2016-22,569.19,122020000.0,0.9238709677419362,0.6976305699036203
2016-06-04,2016-22,572.73,94925300.0,1.0,0.3909865231306899
2016-06-05,2016-23,574.98,68874100.0,0.010903426791277959,0.04615712845865796
2016-06-06,2016-23,585.54,72138900.0,0.33987538940809847,0.12621971107040297
2016-06-07,2016-23,576.6,107770000.0,0.061370716510904234,1.0
2016-06-08,2016-23,581.64,80265800.0,0.21838006230529552,0.3255154114586016
2016-06-09,2016-23,574.63,71301000.0,0.0,0.1056719170338981
2016-06-10,2016-23,577.47,66991900.0,0.08847352024922212,0.0
2016-06-11,2016-23,606.73,82357000.0,1.0,0.376797840017068
2016-06-12,2016-24,672.78,277085000.0,0.0,0.6734687077333649
2016-06-13,2016-24,704.38,243295000.0,0.3378595103175455,0.5455233906304194
2016-06-14,2016-24,685.56,186694000.0,0.1366406500588044,0.3312045716501349
2016-06-15,2016-24,694.47,99223800.0,0.2319042018603663,0.0
2016-06-16,2016-24,766.31,271634000.0,1.0,0.6528285797804748
2016-06-17,2016-24,748.91,363321000.0,0.8139634341922379,1.0
2016-06-18,2016-24,756.23,252718000.0,0.892227092911366,0.581203435704733
2016-06-19,2016-25,763.78,136185000.0,1.0,0.05198921915237222
2016-06-20,2016-25,737.23,174511000.0,0.8416438029345106,0.26109183361703986
2016-06-21,2016-25,666.65,309944000.0,0.42067279017058323,1.0
2016-06-22,2016-25,596.12,266393000.0,0.0,0.7623903365195758
2016-06-23,2016-25,623.98,253462000.0,0.166169629011094,0.6918401641133081
2016-06-24,2016-25,665.3,224317000.0,0.41262078015030396,0.532828117498145
2016-06-25,2016-25,665.12,126656000.0,0.41154717881426706,0.0
2016-06-26,2016-26,629.37,109225000.0,0.0,0.0
2016-06-27,2016-26,655.27,122134000.0,0.3484461186600291,0.3884625801209714
2016-06-28,2016-26,647.0,138385000.0,0.2371855240145296,0.8774939062923174
2016-06-29,2016-26,639.89,142456000.0,0.14153101035920862,1.0
2016-06-30,2016-26,673.34,138980000.0,0.5915511906363514,0.8953988745448527
2016-07-01,2016-26,676.3,134431000.0,0.6313736041974967,0.7585086214679064
2016-07-02,2016-26,703.7,112354000.0,1.0,0.0941590683398032
2016-07-03,2016-27,658.66,129512000.0,0.41995359628770335,0.22581293886295134
2016-07-04,2016-27,683.66,92008400.0,1.0,0.0
2016-07-05,2016-27,670.63,130476000.0,0.6976798143851516,0.23161727959461137
2016-07-06,2016-27,677.33,134961000.0,0.8531322505800482,0.2586219146376562
2016-07-07,2016-27,640.56,258091000.0,0.0,1.0
2016-07-08,2016-27,666.52,141970000.0,0.6023201856148497,0.30082380694907235
2016-07-09,2016-27,650.96,180536000.0,0.24129930394431753,0.5330335628175378
2016-07-10,2016-28,649.36,102532000.0,0.10065127294257234,0.5942638440486869
2016-07-11,2016-28,647.66,107910000.0,0.0,0.6554868469584303
2016-07-12,2016-28,664.55,138173000.0,1.0,1.0
2016-07-13,2016-28,654.47,131449000.0,0.403197158081709,0.9234541704044043
2016-07-14,2016-28,658.08,98511400.0,0.6169330965068136,0.5484934451087625
2016-07-15,2016-28,663.25,81673100.0,0.9230313795145083,0.3568067047043127
2016-07-16,2016-28,660.77,50330200.0,0.7761989342806409,0.0
2016-07-17,2016-29,679.46,74407900.0,1.0,0.18887932766174612
2016-07-18,2016-29,673.11,69465000.0,0.779819694868238,0.12179073037520427
2016-07-19,2016-29,672.86,61203300.0,0.7711511789181686,0.00965699022221257
2016-07-20,2016-29,665.68,94636400.0,0.5221914008321751,0.4634350925388044
2016-07-21,2016-29,665.01,60491800.0,0.4989597780859907,0.0
2016-07-22,2016-29,650.62,134169000.0,0.0,1.0
2016-07-23,2016-29,655.56,69532200.0,0.17128987517336808,0.12270281715374634
2016-07-24,2016-30,661.28,118184000.0,1.0,0.4270857606296159
2016-07-25,2016-30,654.1,78176500.0,0.24421052631579473,0.212773912852497
2016-07-26,2016-30,651.78,225135000.0,0.0,1.0
2016-07-27,2016-30,654.35,147461000.0,0.27052631578947894,0.5839165540401191
2016-07-28,2016-30,655.03,86428400.0,0.34210526315789475,0.2569776230736307
2016-07-29,2016-30,656.99,60703500.0,0.5484210526315828,0.11917468980157908
2016-07-30,2016-30,655.05,38456100.0,0.3442105263157876,0.0
2016-07-31,2016-31,624.68,110818000.0,1.0,0.1687660094159818
2016-08-01,2016-31,606.27,121887000.0,0.7615593834995469,0.21056656386149664
2016-08-02,2016-31,547.47,330933000.0,0.0,1.0
2016-08-03,2016-31,566.36,207982000.0,0.24465742779432723,0.5356924772219266
2016-08-04,2016-31,578.29,125292000.0,0.39917109182748306,0.22342507753815918
2016-08-05,2016-31,575.04,66127900.0,0.35707809869187884,0.0
2016-08-06,2016-31,587.78,80797300.0,0.5220826317834476,0.05539696931818911
2016-08-07,2016-32,592.69,82398400.0,1.0,0.6544336220552054
2016-08-08,2016-32,591.05,61194100.0,0.7690140845070289,0.2971099727006168
2016-08-09,2016-32,587.8,92228100.0,0.3112676056337909,0.8200785278554817
2016-08-10,2016-32,592.1,102905000.0,0.9169014084507,1.0
2016-08-11,2016-32,589.12,74514400.0,0.49718309859154386,0.5215766236392437
2016-08-12,2016-32,587.56,69218000.0,0.2774647887323813,0.4323244919281453
2016-08-13,2016-32,585.59,43563000.0,0.0,0.0
2016-08-14,2016-33,570.47,60851100.0,0.22337482710926765,1.0
2016-08-15,2016-33,567.24,57262300.0,0.0,0.7692045505701075
2016-08-16,2016-33,577.44,58405200.0,0.7053941908713707,0.8427043608558364
2016-08-17,2016-33,573.22,54443000.0,0.4135546334716461,0.5878955864100271
2016-08-18,2016-33,574.32,59896600.0,0.4896265560165991,0.9386161790902718
2016-08-19,2016-33,575.63,50631600.0,0.5802213001383102,0.34278474825880884
2016-08-20,2016-33,581.7,45301400.0,1.0,0.0
2016-08-21,2016-34,581.31,38299400.0,0.676190476190472,0.0
2016-08-22,2016-34,586.75,72844000.0,1.0,0.35310628780770026
2016-08-23,2016-34,583.41,85349200.0,0.8011904761904738,0.48093132414602385
2016-08-24,2016-34,580.18,56328200.0,0.6089285714285674,0.18428589827722613
2016-08-25,2016-34,577.76,136130000.0,0.4648809523809504,1.0
2016-08-26,2016-34,579.65,48856800.0,0.5773809523809499,0.10791511040512887
2016-08-27,2016-34,569.95,59698300.0,0.0,0.2187342201724205
2016-08-28,2016-35,573.91,86301600.0,0.06213817059050593,0.17998096346519066
2016-08-29,2016-35,574.11,110398000.0,0.06985719799305494,0.45172975338214266
2016-08-30,2016-35,577.5,70342400.0,0.20069471246623038,0.0
2016-08-31,2016-35,575.47,75840900.0,0.12234658433037679,0.06200970773054732
2016-09-01,2016-35,572.3,76923400.0,0.0,0.07421767510679857
2016-09-02,2016-35,575.54,79910800.0,0.12504824392126587,0.1079082817948475
2016-09-03,2016-35,598.21,159014000.0,1.0,1.0
2016-09-04,2016-36,608.63,97942900.0,0.10339584389254748,1.0
2016-09-05,2016-36,606.59,82446800.0,0.0,0.7072125095179883
2016-09-06,2016-36,610.44,78529100.0,0.19513431322858688,0.6331904296745839
2016-09-07,2016-36,614.54,75032400.0,0.40293968575772554,0.5671228373146708
2016-09-08,2016-36,626.32,86713000.0,1.0,0.7878192423020022
2016-09-09,2016-36,622.86,64550200.0,0.8246325392802821,0.3690693249644315
2016-09-10,2016-36,623.51,45016800.0,0.8575772934617305,0.0
2016-09-11,2016-37,606.72,73610800.0,0.15744680851064252,0.7326291725843356
2016-09-12,2016-37,608.24,72812300.0,0.48085106382979226,0.7165886907069664
2016-09-13,2016-37,609.24,86920600.0,0.6936170212766039,1.0
2016-09-14,2016-37,610.68,47877700.0,1.0,0.21569576720108155
2016-09-15,2016-37,607.15,59464600.0,0.24893617021276085,0.4484565179398276
2016-09-16,2016-37,606.97,64963400.0,0.21063829787234542,0.558917885187514
2016-09-17,2016-37,605.98,37140300.0,0.0,0.0
2016-09-18,2016-38,609.87,48679400.0,1.0,0.28091157756655355
2016-09-19,2016-38,609.23,54796400.0,0.9528371407516593,0.40991675928523075
2016-09-20,2016-38,608.31,72710900.0,0.8850405305821626,0.7877266870111164
2016-09-21,2016-38,597.15,82776200.0,0.06263817243920557,1.0
2016-09-22,2016-38,596.3,67085300.0,0.0,0.669084942646789
2016-09-23,2016-38,602.84,51067000.0,0.481945467943998,0.3312651449805659
2016-09-24,2016-38,602.63,35359500.0,0.4664701547531332,0.0
2016-09-25,2016-39,600.83,33977800.0,0.0,0.0
2016-09-26,2016-39,608.04,59153800.0,0.5482889733840255,1.0
2016-09-27,2016-39,606.17,49422400.0,0.40608365019010856,0.613465204957102
2016-09-28,2016-39,604.73,48722600.0,0.2965779467680596,0.5856688910073086
2016-09-29,2016-39,605.69,55658600.0,0.3695817490494313,0.8611693676517318
2016-09-30,2016-39,609.74,56122400.0,0.6775665399239531,0.8795916746107404
2016-10-01,2016-39,613.98,56357000.0,1.0,0.8889100730854782
2016-10-02,2016-40,610.89,39249800.0,0.07744107744107108,0.0
2016-10-03,2016-40,612.13,46798300.0,0.21661054994387843,0.2618488467689063
2016-10-04,2016-40,610.2,49801600.0,0.0,0.3660298948580705
2016-10-05,2016-40,612.51,68077500.0,0.2592592592592541,1.0
2016-10-06,2016-40,613.02,56812100.0,0.3164983164983105,0.6092161358693201
2016-10-07,2016-40,617.12,64071400.0,0.7766554433221081,0.8610329648220288
2016-10-08,2016-40,619.11,42345900.0,1.0,0.1074001741380686
2016-10-09,2016-41,616.75,39243400.0,0.0,0.0032220786744864035
2016-10-10,2016-41,618.99,67481100.0,0.09210526315789493,0.4406455930328745
2016-10-11,2016-41,641.07,103590000.0,1.0,1.0
2016-10-12,2016-41,636.19,92370200.0,0.7993421052631585,0.8261967388846031
2016-10-13,2016-41,636.79,61620700.0,0.8240131578947336,0.3498635263792201
2016-10-14,2016-41,640.38,58144600.0,0.9716282894736821,0.29601608560815185
2016-10-15,2016-41,638.65,39035400.0,0.9004934210526288,0.0
2016-10-16,2016-42,641.63,40298100.0,0.41501680986178635,0.0
2016-10-17,2016-42,639.19,58063600.0,0.32387000373552777,0.4643555402212325
2016-10-18,2016-42,637.96,65546700.0,0.2779230481882727,0.6599491876293834
2016-10-19,2016-42,630.52,69381700.0,0.0,0.7601886121740585
2016-10-20,2016-42,630.86,56957300.0,0.012700784460217858,0.4354390147000397
2016-10-21,2016-42,632.83,55951000.0,0.08629062383265075,0.4091362942517199
2016-10-22,2016-42,657.29,78556500.0,1.0,1.0
2016-10-23,2016-43,657.07,54474600.0,0.05451251646903916,0.0
2016-10-24,2016-43,653.76,62218200.0,0.0,0.09644971003806373
2016-10-25,2016-43,657.59,90378800.0,0.06307641633728654,0.4472015185635425
2016-10-26,2016-43,678.3,88877100.0,0.4041501976284577,0.4284972299168975
2016-10-27,2016-43,688.31,96105300.0,0.5690052700922256,0.5185274218298491
2016-10-28,2016-43,689.65,81145500.0,0.591073781291172,0.33219698479443593
2016-10-29,2016-43,714.48,134761000.0,1.0,1.0
2016-10-30,2016-44,701.86,100665000.0,0.25244580855553367,0.3940399325693772
2016-10-31,2016-44,700.97,97064400.0,0.2353731056972949,0.36379694546334196
2016-11-01,2016-44,729.79,130527000.0,0.7882217533090337,0.6448637066515925
2016-11-02,2016-44,740.83,84865200.0,1.0,0.26133062087745484
2016-11-03,2016-44,688.7,172808000.0,0.0,1.0
2016-11-04,2016-44,703.24,99907700.0,0.27891808939190416,0.38767904434646977
2016-11-05,2016-44,703.42,53752300.0,0.28237099558795153,0.0
2016-11-06,2016-45,711.52,59902200.0,0.41658391261171757,0.0
2016-11-07,2016-45,703.13,65047100.0,0.0,0.07093791536370003
2016-11-08,2016-45,709.85,79660800.0,0.3336643495531297,0.27243170800311056
2016-11-09,2016-45,723.27,132429000.0,1.0,1.0
2016-11-10,2016-45,715.53,68807800.0,0.6156901688182714,0.12279047193589128
2016-11-11,2016-45,716.41,63119700.0,0.6593843098311808,0.044362911365178115
2016-11-12,2016-45,705.05,64622500.0,0.09533267130089178,0.06508352774422696
2016-11-13,2016-46,702.03,80318100.0,0.0,0.22126281912108403
2016-11-14,2016-46,705.02,62993000.0,0.06029441419641071,0.0
2016-11-15,2016-46,711.62,72038500.0,0.19338576325872203,0.11552215169665776
2016-11-16,2016-46,744.2,141294000.0,0.8503730590844938,1.0
2016-11-17,2016-46,740.98,108579000.0,0.7854406130268203,0.582189244070957
2016-11-18,2016-46,751.59,87363100.0,0.9993950393224446,0.31123612725252553
2016-11-19,2016-46,751.62,110608000.0,1.0,0.6081020676619711
2016-11-20,2016-47,731.03,154116000.0,0.0,1.0
2016-11-21,2016-47,739.25,60802400.0,0.40452755905511845,0.05889566963479783
2016-11-22,2016-47,751.35,129906000.0,1.0,0.7558326349198665
2016-11-23,2016-47,744.59,76543800.0,0.6673228346456705,0.21765387536269595
2016-11-24,2016-47,740.29,85919300.0,0.45570866141732125,0.31220947764723916
2016-11-25,2016-47,741.65,67807600.0,0.5226377952755895,0.1295458648375798
2016-11-26,2016-47,735.38,54962700.0,0.2140748031496069,0.0
2016-11-27,2016-48,732.03,52601800.0,0.0,0.0
2016-11-28,2016-48,735.81,61888600.0,0.08233500326726129,0.12381871706807177
2016-11-29,2016-48,735.6,68511100.0,0.07776083641908176,0.21211494976214348
2016-11-30,2016-48,745.69,84070800.0,0.29753866260074185,0.41956876506602386
2016-12-01,2016-48,756.77,80461900.0,0.5388804182095397,0.3714521513748747
2016-12-02,2016-48,777.94,127605000.0,1.0,1.0
2016-12-03,2016-48,771.15,69547300.0,0.8521019385754723,0.22593036030462701
2016-12-04,2016-49,773.87,60557900.0,0.9510971786833871,0.10765227679723735
2016-12-05,2016-49,758.7,106363000.0,0.0,0.8420037547154384
2016-12-06,2016-49,764.22,116218000.0,0.3460815047021947,1.0
2016-12-07,2016-49,768.13,96426100.0,0.5912225705329147,0.6826944812737175
2016-12-08,2016-49,770.81,80111900.0,0.7592476489028183,0.42114376135272363
2016-12-09,2016-49,772.79,68705300.0,0.8833855799373027,0.23827212548637353
2016-12-10,2016-49,774.65,53843100.0,1.0,0.0
2016-12-11,2016-50,769.73,57313400.0,0.0,0.0
2016-12-12,2016-50,780.09,76571000.0,0.49099526066350724,0.7323729406574684
2016-12-13,2016-50,780.56,81645600.0,0.5132701421800908,0.9253616684667691
2016-12-14,2016-50,781.48,75979000.0,0.5568720379146913,0.7098589835252598
2016-12-15,2016-50,778.09,81580100.0,0.3962085308056874,0.9228706816556885
2016-12-16,2016-50,784.91,83608200.0,0.71943127962085,1.0
2016-12-17,2016-50,790.83,78989800.0,1.0,0.8243607101023777
2016-12-18,2016-51,790.53,60524400.0,0.0,0.0
2016-12-19,2016-51,792.71,74886400.0,0.016584252567516646,0.0667876986378323
2016-12-20,2016-51,800.88,99629300.0,0.07873716241917093,0.18184976162530064
2016-12-21,2016-51,834.28,155576000.0,0.3328261696462532,0.4420190513747235
2016-12-22,2016-51,864.54,200027000.0,0.5630277672118673,0.6487298153456387
2016-12-23,2016-51,921.98,275564000.0,1.0,1.0
2016-12-24,2016-51,898.82,137727000.0,0.8238113351084065,0.35901573477629234
2016-12-25,2016-52,896.18,143665000.0,0.0,0.3238658306599008
2016-12-26,2016-52,907.61,123771000.0,0.14334085778781117,0.17917682764960738
2016-12-27,2016-52,933.2,167308000.0,0.4642588412340117,0.49582129955365617
2016-12-28,2016-52,975.92,236630000.0,1.0,1.0
2016-12-29,2016-52,973.5,199320000.0,0.9696513669425638,0.7286444806316452
2016-12-30,2016-52,961.24,187474000.0,0.8159016804615006,0.642488557757415
2016-12-31,2016-52,963.74,99135100.0,0.8472535741158772,0.0
2017-01-01,2017-01,998.33,147775000.0,0.3806676434483032,0.0
2017-01-02,2017-01,1021.75,222185000.0,0.4734090999089216,0.20531201024214732
2017-01-03,2017-01,1043.84,185168000.0,0.5608838553835184,0.10317473456503984
2017-01-04,2017-01,1154.73,344946000.0,1.0,0.5440340595545549
2017-01-05,2017-01,1013.38,510199000.0,0.44026452302696695,1.0
2017-01-06,2017-01,902.2,351876000.0,0.0,0.5631553098028829
2017-01-07,2017-01,908.59,279550000.0,0.025303924286223366,0.36359347063108405
2017-01-08,2017-02,911.2,158715000.0,1.0,0.3013402293247629
2017-01-09,2017-02,902.83,141877000.0,0.9372751798561151,0.22405408469529622
2017-01-10,2017-02,907.68,115808000.0,0.9736211031175053,0.10439780103063492
2017-01-11,2017-02,777.76,310929000.0,0.0,1.0
2017-01-12,2017-02,804.83,222326000.0,0.20286270983213459,0.5933136790233616
2017-01-13,2017-02,823.98,168968000.0,0.34637290167865714,0.34840133164605536
2017-01-14,2017-02,818.41,93063300.0,0.30463129496402847,0.0
2017-01-15,2017-03,821.8,71013600.0,0.0,0.0
2017-01-16,2017-03,831.53,82755200.0,0.09730973097309749,0.07591712066332436
2017-01-17,2017-03,907.94,155095000.0,0.8614861486148624,0.5436412234568747
2017-01-18,2017-03,886.62,225677000.0,0.6482648264826487,1.0
2017-01-19,2017-03,899.07,105625000.0,0.7727772777277737,0.2237853299487791
2017-01-20,2017-03,895.03,86728400.0,0.7323732373237325,0.10160645634325897
2017-01-21,2017-03,921.79,111158000.0,1.0,0.2595597924266504
2017-01-22,2017-04,924.67,116573000.0,1.0,0.7557098941859431
2017-01-23,2017-04,921.01,73588600.0,0.8855534709193252,0.07318382175476036
2017-01-24,2017-04,892.69,111349000.0,0.0,0.672760819582587
2017-01-25,2017-04,901.54,120831000.0,0.2767354596622869,0.8233203765100415
2017-01-26,2017-04,917.59,131958000.0,0.7786116322701705,1.0
2017-01-27,2017-04,919.75,125594000.0,0.8461538461538469,0.89894948109193
2017-01-28,2017-04,921.59,68979600.0,0.9036898061288325,0.0
2017-01-29,2017-05,919.5,60851700.0,0.0,0.0
2017-01-30,2017-05,920.38,78227300.0,0.007131280388978888,0.1237346565422574
2017-01-31,2017-05,970.4,164582000.0,0.41247974068071264,0.7386814293333941
2017-02-01,2017-05,989.02,150110000.0,0.563371150729335,0.6356238112091538
2017-02-02,2017-05,1011.8,145821000.0,0.7479740680713118,0.6050810994806528
2017-02-03,2017-05,1029.91,201278000.0,0.8947325769854133,1.0
2017-02-04,2017-05,1042.9,155064000.0,1.0,0.6709021030960725
2017-02-05,2017-06,1027.34,114208000.0,0.5197580645161286,0.03917575805272184
2017-02-06,2017-06,1038.15,111762000.0,0.6650537634408622,0.03115500772234956
2017-02-07,2017-06,1061.35,146007000.0,0.9768817204301071,0.14344879147688705
2017-02-08,2017-06,1063.07,201855000.0,1.0,0.32658160605196107
2017-02-09,2017-06,994.38,407220000.0,0.0767473118279575,1.0
2017-02-10,2017-06,988.67,190452000.0,0.0,0.2891896943523556
2017-02-11,2017-06,1004.45,102261000.0,0.2120967741935496,0.0
2017-02-12,2017-07,999.18,67530000.0,0.13389777359673805,0.0
2017-02-13,2017-07,990.64,100607000.0,0.0,0.46973699159281984
2017-02-14,2017-07,1004.55,137946000.0,0.2180934462213852,1.0
2017-02-15,2017-07,1007.48,89759400.0,0.264032612104108,0.315686775732788
2017-02-16,2017-07,1027.44,122277000.0,0.5769833803700223,0.7774795501022495
2017-02-17,2017-07,1046.21,136474000.0,0.8712762621511442,0.9790956600772551
2017-02-18,2017-07,1054.42,99073500.0,1.0,0.44795927062031354
2017-02-19,2017-08,1047.87,77423300.0,0.0,0.0
2017-02-20,2017-08,1079.98,109478000.0,0.25522613464748495,0.12653052846479987
2017-02-21,2017-08,1115.3,186869000.0,0.5359669342659563,0.43201846403803335
2017-02-22,2017-08,1117.44,136100000.0,0.5529767109132825,0.23161638884689367
2017-02-23,2017-08,1166.72,189454000.0,0.9446784834273902,0.4422223160809945
2017-02-24,2017-08,1173.68,330759000.0,1.0,1.0
2017-02-25,2017-08,1143.84,139961000.0,0.7628169461886964,0.24685703594084846
2017-02-26,2017-09,1165.2,116486000.0,0.0,0.0
2017-02-27,2017-09,1179.97,131570000.0,0.1345295564259039,0.059907303337318155
2017-02-28,2017-09,1179.97,184956000.0,0.1345295564259039,0.2719340400096907
2017-03-01,2017-09,1222.5,229057000.0,0.5219054558702976,0.44708466215760023
2017-03-02,2017-09,1251.01,368275000.0,0.7815830221331631,1.0
2017-03-03,2017-09,1274.99,315739000.0,1.0,0.791349105798903
2017-03-04,2017-09,1255.15,183270000.0,0.8192913744421174,0.2652379571784311
2017-03-05,2017-10,1267.12,134127000.0,0.9634232272115814,0.0
2017-03-06,2017-10,1272.83,153657000.0,1.0,0.04545359334743721
2017-03-07,2017-10,1223.54,291256000.0,0.6842610979437577,0.3656977813153846
2017-03-08,2017-10,1150.0,332603000.0,0.2131830119787329,0.46192766990404244
2017-03-09,2017-10,1188.49,212283000.0,0.4597399269745694,0.18189815881527407
2017-03-10,2017-10,1116.72,563796000.0,0.0,1.0
2017-03-11,2017-10,1175.83,283320000.0,0.3786432643648705,0.34722774973293397
2017-03-12,2017-11,1221.38,227176000.0,0.8976395083215497,0.0
2017-03-13,2017-11,1231.92,380277000.0,0.9358569926393276,0.3193442951214272
2017-03-14,2017-11,1240.0,245306000.0,0.965154646651438,0.037816291667275036
2017-03-15,2017-11,1249.61,297805000.0,1.0,0.14732084192873518
2017-03-16,2017-11,1187.81,638568000.0,0.7759164581746982,0.8580981721778054
2017-03-17,2017-11,1100.23,706599000.0,0.4583559955038255,1.0
2017-03-18,2017-11,973.82,621302000.0,0.0,0.8220840468646685
2017-03-19,2017-12,1036.74,406648000.0,0.5421265435471535,0.6519971298732361
2017-03-20,2017-12,1054.23,286530000.0,0.6376898699595676,0.15666108586462568
2017-03-21,2017-12,1120.54,337391000.0,1.0,0.36639889813524235
2017-03-22,2017-12,1049.14,380841000.0,0.6098787017812268,0.545575633613473
2017-03-23,2017-12,1038.59,248540000.0,0.5522347284449785,0.0
2017-03-24,2017-12,937.52,491038000.0,0.0,1.0
2017-03-25,2017-12,972.78,435803000.0,0.19265654026882306,0.7722249255663964
2017-03-26,2017-13,966.73,303668000.0,0.0,0.089018286997393
2017-03-27,2017-13,1045.77,372535000.0,0.6947349916498196,0.5258447349558841
2017-03-28,2017-13,1047.15,326332000.0,0.7068647270809536,0.2327770483276563
2017-03-29,2017-13,1039.97,298458000.0,0.6437549441856378,0.055971024972566334
2017-03-30,2017-13,1026.43,352969000.0,0.5247429023468406,0.4017367255935504
2017-03-31,2017-13,1071.79,447287000.0,0.9234420321701675,1.0
2017-04-01,2017-13,1080.5,289634000.0,1.0,0.0
2017-04-02,2017-14,1102.17,514187000.0,0.0,0.8214732224653223
2017-04-03,2017-14,1143.81,580444000.0,0.5172028319463405,1.0
2017-04-04,2017-14,1133.25,436310000.0,0.38603900136628905,0.6116368300227413
2017-04-05,2017-14,1124.78,414784000.0,0.28083467892187186,0.553635903128806
2017-04-06,2017-14,1182.68,511222000.0,1.0,0.8134841511914899
2017-04-07,2017-14,1176.9,317022000.0,0.9282076760650854,0.29022019119881876
2017-04-08,2017-14,1175.95,209312000.0,0.9164078996397961,0.0
2017-04-09,2017-15,1187.87,242343000.0,0.5425673872431255,0.26133009904992927
2017-04-10,2017-15,1187.13,215883000.0,0.5228182546036865,0.08304022639983828
2017-04-11,2017-15,1205.01,216182000.0,1.0,0.08505491543696517
2017-04-12,2017-15,1200.37,288702000.0,0.8761676007472619,0.5737012330705478
2017-04-13,2017-15,1169.28,351969000.0,0.04643714971977603,1.0
2017-04-14,2017-15,1167.54,254827000.0,0.0,0.3454484199177953
2017-04-15,2017-15,1172.52,203559000.0,0.13290632506004843,0.0
2017-04-16,2017-16,1182.94,183231000.0,0.0,0.0
2017-04-17,2017-16,1193.91,253206000.0,0.22493336067254524,0.5306080666075207
2017-04-18,2017-16,1211.67,270524000.0,0.5890916547057623,0.6619274020488789
2017-04-19,2017-16,1210.29,288061000.0,0.5607955710477737,0.79490737581231
2017-04-20,2017-16,1229.08,315108000.0,0.946073405782241,1.0
2017-04-21,2017-16,1222.05,272167000.0,0.801927414394093,0.6743859808761195
2017-04-22,2017-16,1231.71,249320000.0,1.0,0.5011412149199633
2017-04-23,2017-17,1207.21,258951000.0,0.0,0.07934984212312682
2017-04-24,2017-17,1250.15,235806000.0,0.3747599930179794,0.0
2017-04-25,2017-17,1265.49,242556000.0,0.5086402513527667,0.02314156121542908
2017-04-26,2017-17,1281.08,329631000.0,0.644702391342293,0.32166770089446417
2017-04-27,2017-17,1317.73,449197000.0,0.9645662419270383,0.7315853169365373
2017-04-28,2017-17,1316.48,527489000.0,0.9536568336533431,1.0
2017-04-29,2017-17,1321.79,422706000.0,1.0,0.6407641172094363
2017-04-30,2017-18,1347.89,413115000.0,0.0,0.0
2017-05-01,2017-18,1421.6,713624000.0,0.31921527868000454,0.5638903327134791
2017-05-02,2017-18,1452.82,477338000.0,0.45441947078948464,0.12051129529517508
2017-05-03,2017-18,1490.09,583796000.0,0.6158243471482392,0.3202744872129265
2017-05-04,2017-18,1537.67,933549000.0,0.8218786540210475,0.9765687597223603
2017-05-05,2017-18,1555.45,946036000.0,0.8988783508726347,1.0
2017-05-06,2017-18,1578.8,582530000.0,1.0,0.31789890058751674
2017-05-07,2017-19,1596.71,1080030000.0,0.0,0.657821568717669
2017-05-08,2017-19,1723.35,1340320000.0,0.5028190264432618,1.0
2017-05-09,2017-19,1755.36,1167920000.0,0.6299134439768123,0.7733621669942223
2017-05-10,2017-19,1787.13,915723000.0,0.7560549511633453,0.44182283073808476
2017-05-11,2017-19,1848.57,799490000.0,1.0,0.2890223942893576
2017-05-12,2017-19,1724.24,740984000.0,0.506352735646788,0.21211013757337138
2017-05-13,2017-19,1804.91,579635000.0,0.8266497260382757,0.0
2017-05-14,2017-20,1808.91,437196000.0,0.2125727989037343,0.0
2017-05-15,2017-20,1738.43,731529000.0,0.011362338700468249,0.4087424697331182
2017-05-16,2017-20,1734.45,959045000.0,0.0,0.7246956647326599
2017-05-17,2017-20,1839.09,1064730000.0,0.29873244261733434,0.8714612258955081
2017-05-18,2017-20,1888.65,894321000.0,0.4402192531688936,0.6348129549753226
2017-05-19,2017-20,1987.71,1157290000.0,0.723021582733813,1.0
2017-05-20,2017-20,2084.73,961336000.0,1.0,0.7278771938108081
2017-05-21,2017-21,2041.2,1147860000.0,0.005756355461126454,0.0
2017-05-22,2017-21,2173.4,1942220000.0,0.3323615880623569,0.6310253884528614
2017-05-23,2017-21,2320.42,1378750000.0,0.6955802060429385,0.18341488989863683
2017-05-24,2017-21,2443.64,1725380000.0,1.0,0.45877156747481806
2017-05-25,2017-21,2304.98,2406700000.0,0.6574350865923861,1.0
2017-05-26,2017-21,2202.42,1763480000.0,0.40405662474985843,0.48903752661180133
2017-05-27,2017-21,2038.87,1700480000.0,0.0,0.43899145244828575
2017-05-28,2017-22,2155.8,1147140000.0,0.0,0.231590375898748
2017-05-29,2017-22,2255.61,994625000.0,0.2775969962453067,0.0
2017-05-30,2017-22,2175.47,1443970000.0,0.05470727298011301,0.6823196240253282
2017-05-31,2017-22,2286.41,1544830000.0,0.36325963009317136,0.8354731191775934
2017-06-01,2017-22,2407.88,1653180000.0,0.7010985954665557,1.0
2017-06-02,2017-22,2488.55,1317030000.0,0.925462383534975,0.4895642732953208
2017-06-03,2017-22,2515.35,1514950000.0,1.0,0.7901010545816218
2017-06-04,2017-23,2511.81,1355120000.0,0.0,0.0914724654890901
2017-06-05,2017-23,2686.81,1369310000.0,0.40146822665749016,0.10902478848151996
2017-06-06,2017-23,2863.2,2089610000.0,0.8061252580867166,1.0
2017-06-07,2017-23,2732.16,1517710000.0,0.5055058499655881,0.2925881945475236
2017-06-08,2017-23,2805.62,1281170000.0,0.674030740995641,0.0
2017-06-09,2017-23,2823.81,1348950000.0,0.7157604955264968,0.08384048290534857
2017-06-10,2017-23,2947.71,2018890000.0,1.0,0.9125228835782495
2017-06-11,2017-24,2958.11,1752400000.0,1.0,0.40543824672206297
2017-06-12,2017-24,2659.63,2569530000.0,0.3952140700666628,1.0
2017-06-13,2017-24,2717.02,1781200000.0,0.5114987943995298,0.42639375991384953
2017-06-14,2017-24,2506.37,1696560000.0,0.08467570360464399,0.36480783503354336
2017-06-15,2017-24,2464.58,2026260000.0,0.0,0.6047048037603504
2017-06-16,2017-24,2518.56,1195190000.0,0.1093753165967621,0.0
2017-06-17,2017-24,2655.88,1534510000.0,0.38761574777622454,0.24689669223045244
2017-06-18,2017-25,2548.29,1178660000.0,0.0,0.24341814215043384
2017-06-19,2017-25,2589.6,1446840000.0,0.2101007018614585,0.543775080610749
2017-06-20,2017-25,2721.79,1854190000.0,0.882412775912929,1.0
2017-06-21,2017-25,2689.1,1626580000.0,0.7161529854541757,0.7450807563466615
2017-06-22,2017-25,2705.41,1097940000.0,0.7991048723425896,0.15301314523598594
2017-06-23,2017-25,2744.91,961319000.0,1.0,0.0
2017-06-24,2017-25,2608.72,982750000.0,0.3073441155528424,0.024002347483567055
